﻿<?xml version="1.0" encoding="utf-8"?>
<LEConfig>
  <Profiles>
    <Profile Name="Run in Japanese" Guid="4211d3dd-cc2a-418b-9dff-f8e8f99307e0" MainMenu="false">
      <Parameter></Parameter>
      <Location>ja-JP</Location>
      <Timezone>Tokyo Standard Time</Timezone>
      <RunAsAdmin>false</RunAsAdmin>
      <RedirectRegistry>true</RedirectRegistry>
      <IsAdvancedRedirection>false</IsAdvancedRedirection>
      <RunWithSuspend>false</RunWithSuspend>
    </Profile>
    <Profile Name="Run in Japanese (Admin)" Guid="354297b9-0521-4208-bc0a-5c208e5d5c7d" MainMenu="false">
      <Parameter></Parameter>
      <Location>ja-JP</Location>
      <Timezone>Tokyo Standard Time</Timezone>
      <RunAsAdmin>true</RunAsAdmin>
      <RedirectRegistry>true</RedirectRegistry>
      <IsAdvancedRedirection>false</IsAdvancedRedirection>
      <RunWithSuspend>false</RunWithSuspend>
    </Profile>
  </Profiles>
</LEConfig>